user_code, email, gardian_phone, gardian_relation, gender, cur_grade, home_class, insert_date, name, phone, position_checker, school_code, school_name, update_date, user_id, user_pw
"100000001","teacher1@school.com",null,null,"F","3,"1",null,"허지회","010-1542-3654","0","1000","선유고등학교",null,"pickle","pickle123"
"100000002","teacher2@school.com",null,null,"F","3,"2",null,"윤나영","010-1577-1328","0","1000","선유고등학교",null,"cucumber","cucumber123"
"100000003","teacher3@school.com",null,null,"F","3,"3",null,"이주아","010-7894-1254","0","1000","선유고등학교",null,"aaa","aaa123"
"100000004","teacher4@school.com",null,null,"F","3,"4",null,"남송녕","010-7553-1354","0","1000","선유고등학교",null,"bbb","bbb123"
"100000005","teacher5@school.com",null,null,"F","3,"5",null,"송민지","010-7864-4561","0","1000","선유고등학교",null,"ccc","ccc123"
"100000006","teacher6@school.com",null,null,"M","3,"6",null,"임정훈","010-5465-1234","0","1000","선유고등학교",null,"ddd","ddd123"
"100000007","teacher7@school.com",null,null,"F","3,"7",null,"현지윤","010-6571-4578","0","1000","선유고등학교",null,"eee","eee123"
"100000008","teacher8@school.com",null,null,"F","3,"8",null,"최윤정","010-3214-4567","0","1000","선유고등학교",null,"fff","fff123"
"100000009","teacher9@school.com",null,null,"F","3,"9",null,"김예솔","010-4582-4561","0","1000","선유고등학교",null,"ggg","ggg123"
"100000010","teacher10@school.com",null,null,"F","3,”10",null,"박슬기","010-6742-4567","0","1000","선유고등학교",null,"hhh","hhh123"
"100000011","teacher11@school.com",null,null,"F","3,"11",null,"박강희","010-5451-5456","0","1000","선유고등학교",null,"iii","iii123"
"100000012","teacher12@school.com",null,null,"M","3,"12",null,"김근우","010-7831-8724","0","1000","선유고등학교",null,"jjj","jjj123"
"100000013","teacher13@school.com",null,null,"M","3,"13",null,"김태하","010-1234-1564","0","1000","선유고등학교",null,"kkk","kkk123"
"100000014","teacher14@school.com",null,null,"F","3,"14",null,"문우현","010-4567-4587","0","1000","선유고등학교",null,"lll","lll123"
"100000015","teacher15@school.com",null,null,"M","3,"15",null,"박주훈","010-1387-4513","0","1000","선유고등학교",null,"mmm","mmm123"
"100020001","vj1d8@school.com","010-4111-5948","부","F","1","1",null,"신서진","010-4614-7223","1","1000","선유고등학교",null,"v204ap","l7hi3x0e"
"100020002","4vidx@school.com","010-2783-3544","부","M","1","1",null,"정지민","010-2864-9319","1","1000","선유고등학교",null,"p5tl7h","5aetcbz8"
"100020003","jg9v8@school.com","010-9179-8088","모","M","1","1",null,"한수빈","010-1827-6579","1","1000","선유고등학교",null,"aivnxc","e47f0hpv"
"100020004","bh1q6@school.com","010-5302-5103","모","M","1","1",null,"윤민준","010-7828-3323","1","1000","선유고등학교",null,"b5jusl","hg8640qs"
"100020005","8l7ds@school.com","010-5920-4854","부","M","1","1",null,"임지훈","010-8209-7386","1","1000","선유고등학교",null,"krq2ue","56qavm39"
"100020006","cfvu5@school.com","010-8327-2559","모","M","1","1",null,"이선우","010-5429-7152","1","1000","선유고등학교",null,"hvsi6p","z1rp5gqy"
"100020007","tjc9f@school.com","010-8316-5500","모","M","1","1",null,"임건우","010-9880-5829","1","1000","선유고등학교",null,"nkuyjt","pfaewh90"
"100020008","9eg7f@school.com","010-9287-8455","부","F","1","1",null,"이도윤","010-5578-6966","1","1000","선유고등학교",null,"8hixcn","7pbwmux5"
"100020009","78fol@school.com","010-4353-9275","부","M","1","1",null,"김도윤","010-2340-7807","1","1000","선유고등학교",null,"tvndg7","dxsja9o5"
"100020010","oucde@school.com","010-5150-5211","부","F","1","1",null,"박은서","010-7817-7376","1","1000","선유고등학교",null,"zjfqkv","bfil037v"
"100020011","7yi1g@school.com","010-9460-4531","부","M","1","1",null,"김민서","010-4613-7005","1","1000","선유고등학교",null,"m1xo56","jo1ni0y8"
"100020012","7toc0@school.com","010-3506-5485","모","F","1","1",null,"정서현","010-3696-8507","1","1000","선유고등학교",null,"psl73n","n69y78fm"
"100020013","6akzu@school.com","010-5733-6448","부","F","1","1",null,"정채원","010-5840-5374","1","1000","선유고등학교",null,"bhry19","ioj1zpsd"
"100020014","skgfj@school.com","010-1260-1787","모","F","1","1",null,"장민준","010-4009-2173","1","1000","선유고등학교",null,"styn56","q2z75iex"
"100020015","aipd9@school.com","010-8709-9914","모","M","1","1",null,"박서준","010-7857-2741","1","1000","선유고등학교",null,"iz7yxr","nsyjkzif"
"100020016","jenwp@school.com","010-8105-6498","부","M","1","1",null,"강예은","010-8022-6127","1","1000","선유고등학교",null,"h862b0","lcjwh4ui"
"100020017","ir7u1@school.com","010-4557-1951","부","F","1","1",null,"오서윤","010-3266-6981","1","1000","선유고등학교",null,"9jg4e1","x61yguli"
"100020018","7ax04@school.com","010-5608-8489","부","M","1","1",null,"신윤서","010-9794-4238","1","1000","선유고등학교",null,"tinx4u","0uxa5jen"
"100020019","0ybp2@school.com","010-8949-1899","부","M","1","1",null,"김하윤","010-1950-7145","1","1000","선유고등학교",null,"fewlj1","5efnd01o"
"100020020","vulb6@school.com","010-5303-5385","모","F","1","1",null,"최도윤","010-5815-8763","1","1000","선유고등학교",null,"ht52ps","ep7w8zb6"
"100020021","rhcvs@school.com","010-5170-9967","부","M","1","1",null,"임지후","010-6636-7255","1","1000","선유고등학교",null,"4yvxdl","lghvrcqs"
"100020022","5o28w@school.com","010-2297-2016","부","F","1","1",null,"윤윤서","010-8277-3581","1","1000","선유고등학교",null,"ga4lux","d65gzyiu"
"100020023","sxqub@school.com","010-8976-9476","모","M","1","1",null,"정도윤","010-9511-6070","1","1000","선유고등학교",null,"7c03at","a0pngr3f"
"100020024","xpy4g@school.com","010-3000-3953","부","F","1","1",null,"조현우","010-6509-1197","1","1000","선유고등학교",null,"8trx7q","eftoc6qk"
"100020025","xucv3@school.com","010-8116-8344","모","M","1","2",null,"박민준","010-2367-8440","1","1000","선유고등학교",null,"po2yb6","1o05aq4g"
"100020026","meb5o@school.com","010-5395-9534","모","M","1","2",null,"최주원","010-5634-6299","1","1000","선유고등학교",null,"f7mxb2","naxipcy2"
"100020027","lto06@school.com","010-1815-6681","부","F","1","2",null,"조현우","010-3055-7547","1","1000","선유고등학교",null,"1lyc39","t8u79bln"
"100020028","rgfpx@school.com","010-3883-7031","부","F","1","2",null,"오현우","010-4703-7331","1","1000","선유고등학교",null,"anmv1k","sp2izqab"
"100020029","u360q@school.com","010-7107-8395","부","M","1","2",null,"조민서","010-7066-6916","1","1000","선유고등학교",null,"6ytgqm","gcv67bom"
"100020030","f90a3@school.com","010-9572-6261","부","F","1","2",null,"서서준","010-2018-8911","1","1000","선유고등학교",null,"0nus3x","210if6cb"
"100020031","tl40n@school.com","010-7225-9407","부","M","1","2",null,"서지윤","010-4544-8955","1","1000","선유고등학교",null,"kdgu2n","37jkuzfr"
"100020032","hns80@school.com","010-8709-7128","모","M","1","2",null,"강예은","010-2999-7710","1","1000","선유고등학교",null,"lafpwe","1fndsucm"
"100020033","qoi5k@school.com","010-8699-4257","모","F","1","2",null,"조서현","010-5508-7765","1","1000","선유고등학교",null,"yf5zwx","8do2j9yt"
"100020034","7254c@school.com","010-6751-4765","모","M","1","2",null,"임수아","010-6323-3367","1","1000","선유고등학교",null,"23g8yh","w9fm8xbg"
"100020035","c34w2@school.com","010-2583-7221","모","M","1","2",null,"조서윤","010-6316-9948","1","1000","선유고등학교",null,"5liypw","yflhua0v"
"100020036","jv9bp@school.com","010-7314-9436","모","F","1","2",null,"신준우","010-1429-2072","1","1000","선유고등학교",null,"9jcglf","5y4gbt0k"
"100020037","ckitg@school.com","010-3554-7122","모","F","1","2",null,"강지후","010-8293-5834","1","1000","선유고등학교",null,"abyze0","qo4i0u63"
"100020038","a18g5@school.com","010-7478-3764","모","M","1","2",null,"장건우","010-7514-5026","1","1000","선유고등학교",null,"y3675v","64cjsfzy"
"100020039","8zcbr@school.com","010-8869-1422","모","M","1","2",null,"윤민서","010-5515-9496","1","1000","선유고등학교",null,"blhzt6","lzu1d7bp"
"100020040","9may6@school.com","010-3663-1754","모","M","1","2",null,"장건우","010-9902-3495","1","1000","선유고등학교",null,"ldk2mt","cahyqlxb"
"100020041","m138o@school.com","010-5818-8524","모","M","1","2",null,"윤선우","010-3160-3705","1","1000","선유고등학교",null,"35y0xw","b3sjox9r"
"100020042","mhs0i@school.com","010-4484-2993","부","M","1","2",null,"박현우","010-7409-4361","1","1000","선유고등학교",null,"7o106f","9q4zuyp6"
"100020043","1u65f@school.com","010-7429-3876","부","F","1","2",null,"서지훈","010-5638-1514","1","1000","선유고등학교",null,"3li71t","74px5uil"
"100020044","179td@school.com","010-4808-2051","부","M","1","2",null,"김지호","010-4363-5675","1","1000","선유고등학교",null,"jl16yf","e1xh5mpc"
"100020045","tzmjo@school.com","010-9523-3233","부","M","1","2",null,"강서진","010-4809-2852","1","1000","선유고등학교",null,"9sne7j","5ro4fzt2"
"100020046","bat34@school.com","010-1861-2011","부","F","1","2",null,"오지훈","010-5375-3884","1","1000","선유고등학교",null,"3adk45","lp3sr9z1"
"100020047","80n3y@school.com","010-4430-3128","모","F","1","2",null,"최예은","010-9706-8939","1","1000","선유고등학교",null,"iqkbet","rg17qcl8"
"100020048","hfodb@school.com","010-3144-9935","모","F","1","2",null,"서지훈","010-2047-1126","1","1000","선유고등학교",null,"cv41hm","izxbwqly"
"100020049","o1tav@school.com","010-2225-6351","모","F","1","2",null,"강지우","010-1427-1770","1","1000","선유고등학교",null,"ai7z60","a6wgsb30"
"100020050","qbkhx@school.com","010-1655-3396","모","F","1","3",null,"이지훈","010-9523-2253","1","1000","선유고등학교",null,"zmeqlh","suni4bwp"
"100020051","q76ul@school.com","010-6284-1183","부","M","1","3",null,"서민준","010-9344-7814","1","1000","선유고등학교",null,"6194qe","ht5xpolm"
"100020052","7pcqi@school.com","010-6223-8305","부","M","1","3",null,"신현준","010-5000-5896","1","1000","선유고등학교",null,"z5tdhm","yuengmox"
"100020053","w1uf2@school.com","010-6052-9131","부","F","1","3",null,"이우진","010-8794-2095","1","1000","선유고등학교",null,"4oqvaf","08htnof3"
"100020054","59fk2@school.com","010-5581-6585","모","F","1","3",null,"정현우","010-5236-7568","1","1000","선유고등학교",null,"g1hjnc","4fzwer3d"
"100020055","94ogp@school.com","010-9756-2359","모","F","1","3",null,"오건우","010-4380-8944","1","1000","선유고등학교",null,"jbdsfk","6mjz5k4x"
"100020056","0c3uv@school.com","010-4443-4137","모","M","1","3",null,"오우진","010-8296-5549","1","1000","선유고등학교",null,"7xmntj","3dwk5q4h"
"100020057","z83f7@school.com","010-5849-6082","모","F","1","3",null,"조선우","010-9873-3668","1","1000","선유고등학교",null,"19kvju","v2qi0g5f"
"100020058","dh1i0@school.com","010-2609-2105","모","M","1","3",null,"윤민준","010-7575-2923","1","1000","선유고등학교",null,"4f6nz9","nruzfj59"
"100020059","v5i4p@school.com","010-7763-4995","모","M","1","3",null,"임건우","010-6762-4358","1","1000","선유고등학교",null,"hn1pzg","6nw93usr"
"100020060","klf4j@school.com","010-3016-7202","모","F","1","3",null,"신지우","010-7611-2405","1","1000","선유고등학교",null,"k7onup","yws1h5xa"
"100020061","ra0g3@school.com","010-5274-8714","부","F","1","3",null,"이지후","010-7193-6872","1","1000","선유고등학교",null,"fl01tw","shbxz34r"
"100020062","yohgq@school.com","010-2332-5202","모","F","1","3",null,"윤도현","010-6602-3129","1","1000","선유고등학교",null,"3p8qs5","ifaw35ys"
"100020063","k3mwg@school.com","010-1611-2053","부","M","1","3",null,"조예은","010-2103-3160","1","1000","선유고등학교",null,"npqkg5","isypghoj"
"100020064","np2v3@school.com","010-2159-3703","모","F","1","3",null,"한서현","010-5366-7206","1","1000","선유고등학교",null,"bqfhud","wy56ugmh"
"100020065","l3jqb@school.com","010-6624-2944","모","M","1","3",null,"최하윤","010-6506-3004","1","1000","선유고등학교",null,"ut0bnj","aj6l1p0f"
"100020066","3m27a@school.com","010-1193-3677","모","M","1","3",null,"김민서","010-6951-1646","1","1000","선유고등학교",null,"nvuki0","o59di78h"
"100020067","4p3nb@school.com","010-9671-8587","모","F","1","3",null,"김예은","010-7258-8075","1","1000","선유고등학교",null,"gbos5r","st9e7laj"
"100020068","o1q0x@school.com","010-1954-1491","모","M","1","3",null,"서서윤","010-8881-7890","1","1000","선유고등학교",null,"egxymb","3r9qglfe"
"100020069","sxljp@school.com","010-2500-3766","부","M","1","3",null,"정서윤","010-3056-5012","1","1000","선유고등학교",null,"a8vg3c","49lspdjy"
"100020070","p320h@school.com","010-5752-9767","모","F","1","3",null,"임현우","010-1123-9002","1","1000","선유고등학교",null,"n8khmd","5fjgp1qm"
"100020071","bicm2@school.com","010-9145-3017","모","M","1","3",null,"박윤서","010-8635-2007","1","1000","선유고등학교",null,"7i6zrd","0si6jlua"
"100020072","9qloy@school.com","010-7306-7676","부","F","1","3",null,"임주원","010-2857-2326","1","1000","선유고등학교",null,"hcuv0s","m5zv4of6"
"100020073","j5nat@school.com","010-2017-2801","부","M","1","3",null,"정수아","010-4068-2258","1","1000","선유고등학교",null,"qoypa9","hvsl17fq"
"100020074","rlajo@school.com","010-2659-9029","모","F","1","3",null,"김선우","010-4493-9853","1","1000","선유고등학교",null,"8zgx2v","pit7umz9"
"100020075","1jeqw@school.com","010-3392-6497","부","F","1","3",null,"한지후","010-7760-5446","1","1000","선유고등학교",null,"aw14uk","n76kg80f"
"100020076","kzsl5@school.com","010-2421-5072","모","M","1","4",null,"정현준","010-3374-3302","1","1000","선유고등학교",null,"vapk73","ek32c96i"
"100020077","znlo1@school.com","010-4982-6425","부","M","1","4",null,"최시우","010-7913-2889","1","1000","선유고등학교",null,"kucz9n","wdselo6v"
"100020078","0rte4@school.com","010-7143-2979","부","F","1","4",null,"이지훈","010-6682-1119","1","1000","선유고등학교",null,"m4g3rb","0qwza9if"
"100020079","qzs8l@school.com","010-5301-3368","부","F","1","4",null,"한도윤","010-9203-7343","1","1000","선유고등학교",null,"pojsw8","0plwk75x"
"100020080","cvk9h@school.com","010-8159-7091","모","M","1","4",null,"김건우","010-4185-6618","1","1000","선유고등학교",null,"6vyub1","zt8as64y"
"100020081","bhswy@school.com","010-9673-9570","모","M","1","4",null,"이선우","010-5585-2957","1","1000","선유고등학교",null,"5thrzw","uy401r9w"
"100020082","g79dr@school.com","010-9125-5547","부","F","1","4",null,"임서진","010-1375-9513","1","1000","선유고등학교",null,"nr7tgk","fiutymnh"
"100020083","r8xl6@school.com","010-3847-5459","부","M","1","4",null,"조주원","010-4596-9753","1","1000","선유고등학교",null,"dtufik","6sr7qta8"
"100020084","txrzh@school.com","010-6101-5179","부","M","1","4",null,"한민준","010-5454-9331","1","1000","선유고등학교",null,"mp5x2q","t0qlk5bd"
"100020085","nymli@school.com","010-6308-2245","모","M","1","4",null,"정서연","010-2659-3155","1","1000","선유고등학교",null,"fs0dn1","bmokr2eh"
"100020086","tg16x@school.com","010-6928-6912","모","M","1","4",null,"박민서","010-3050-9451","1","1000","선유고등학교",null,"vywnzf","sd5gx0n4"
"100020087","xdhki@school.com","010-2545-7403","부","M","1","4",null,"장지호","010-5249-1327","1","1000","선유고등학교",null,"f1d930","9tplyjv8"
"100020088","j4gm5@school.com","010-6569-6754","부","F","1","4",null,"최예준","010-9987-9710","1","1000","선유고등학교",null,"ig8ye2","my1qo3u0"
"100020089","6iv3p@school.com","010-7925-2434","모","M","1","4",null,"정지호","010-9270-4174","1","1000","선유고등학교",null,"6otdxu","d3leg1av"
"100020090","kl5zt@school.com","010-6482-9637","모","F","1","4",null,"윤다은","010-9541-2069","1","1000","선유고등학교",null,"5tb7ow","6qpcbge9"
"100020091","sq9m7@school.com","010-1713-1264","모","F","1","4",null,"오서현","010-5180-2898","1","1000","선유고등학교",null,"l7z16n","qznuderm"
"100020092","bgiv2@school.com","010-8365-1152","부","F","1","4",null,"이서진","010-6703-2689","1","1000","선유고등학교",null,"dcmklp","e3b5azu4"
"100020093","lu4ta@school.com","010-1437-2122","모","M","1","4",null,"신민서","010-5281-5719","1","1000","선유고등학교",null,"2anxlu","r6n85ipb"
"100020094","xv5co@school.com","010-3674-2191","모","F","1","4",null,"임서준","010-1563-4914","1","1000","선유고등학교",null,"6oev84","cr0eo7lg"
"100020095","t2uwv@school.com","010-6812-3447","부","M","1","4",null,"서지후","010-9067-9792","1","1000","선유고등학교",null,"bezqth","3f859zdg"
"100020096","g1nle@school.com","010-9236-4894","모","F","1","4",null,"신하준","010-7095-6518","1","1000","선유고등학교",null,"gocd6l","sc5hqekl"
"100020097","mekux@school.com","010-6847-7784","부","M","1","4",null,"최하윤","010-5355-2683","1","1000","선유고등학교",null,"omd74j","n09mwrvk"
"100020098","vku1l@school.com","010-5943-8249","모","F","1","4",null,"오채원","010-7805-9031","1","1000","선유고등학교",null,"jkaqep","i07p9v6w"
"100020099","ise6v@school.com","010-6025-2015","모","F","1","4",null,"정준서","010-6527-7882","1","1000","선유고등학교",null,"nz1oia","dx2wjs7u"
"100020100","06xq8@school.com","010-4963-5503","부","M","1","4",null,"박예준","010-1654-3534","1","1000","선유고등학교",null,"dje59h","3bqc0yes"
"100020101","0held@school.com","010-4760-8117","모","M","1","5",null,"박채원","010-6879-8930","1","1000","선유고등학교",null,"4g83no","kp0ufag9"
"100020102","ekgq9@school.com","010-6615-4872","부","M","1","5",null,"서은서","010-9153-2108","1","1000","선유고등학교",null,"h80atp","erlx03kp"
"100020103","dcmxk@school.com","010-7475-9041","모","F","1","5",null,"임지후","010-3721-2086","1","1000","선유고등학교",null,"7qfpra","iqr612wc"
"100020104","fk9z5@school.com","010-9695-3231","부","M","1","5",null,"김수아","010-9324-4358","1","1000","선유고등학교",null,"srjxib","rtm4y3ef"
"100020105","mei9y@school.com","010-6608-4343","부","M","1","5",null,"강건우","010-5852-4507","1","1000","선유고등학교",null,"j716m9","ely9pf3x"
"100020106","a52k9@school.com","010-6172-6202","모","M","1","5",null,"한민서","010-9834-6341","1","1000","선유고등학교",null,"q4ls7t","9pcq87hv"
"100020107","tc0vp@school.com","010-6945-9230","부","F","1","5",null,"한다은","010-9666-1291","1","1000","선유고등학교",null,"v8c7rb","76vckjai"
"100020108","vr4au@school.com","010-2522-4778","부","F","1","5",null,"서준우","010-2709-5875","1","1000","선유고등학교",null,"fh89br","6z7mnd1w"
"100020109","g6cid@school.com","010-1592-3641","부","F","1","5",null,"오지후","010-9510-4654","1","1000","선유고등학교",null,"oq43x8","rsqojx64"
"100020110","6gwh3@school.com","010-8681-7096","모","M","1","5",null,"한준우","010-7043-2571","1","1000","선유고등학교",null,"2raxy3","1l504cho"
"100020111","johv9@school.com","010-4407-5695","모","M","1","5",null,"윤시우","010-9806-9530","1","1000","선유고등학교",null,"x57s62","pjy73gto"
"100020112","hobf8@school.com","010-6984-7067","모","M","1","5",null,"강건우","010-3795-3777","1","1000","선유고등학교",null,"b1p9tx","ikhogp3z"
"100020113","gdr50@school.com","010-4406-5925","모","F","1","5",null,"강지민","010-5786-2361","1","1000","선유고등학교",null,"ur3p48","xr5posbu"
"100020114","782qt@school.com","010-3489-1566","부","F","1","5",null,"신하윤","010-1577-4558","1","1000","선유고등학교",null,"rlu2im","sut6g2e4"
"100020115","267hp@school.com","010-3546-9529","부","M","1","5",null,"장서윤","010-9272-3104","1","1000","선유고등학교",null,"9slz8c","4zbnhip8"
"100020116","v2g6p@school.com","010-4247-2340","부","M","1","5",null,"이서연","010-8751-2858","1","1000","선유고등학교",null,"570ke8","trd5iboc"
"100020117","u8z6s@school.com","010-8210-9460","모","M","1","5",null,"윤다은","010-2599-7181","1","1000","선유고등학교",null,"djhaz8","efivplgd"
"100020118","mf852@school.com","010-1248-8766","부","M","1","5",null,"임지민","010-9385-6560","1","1000","선유고등학교",null,"vnjfr7","6kz1p08g"
"100020119","tkow1@school.com","010-6925-8723","모","F","1","5",null,"박건우","010-8193-7374","1","1000","선유고등학교",null,"qaxn7m","5iav0ozt"
"100020120","7z0nj@school.com","010-1710-7611","부","M","1","5",null,"임윤서","010-7241-9132","1","1000","선유고등학교",null,"iw0pe3","yuwjf7cv"
"100020121","on7wi@school.com","010-4625-8026","부","M","1","5",null,"최현준","010-1363-2393","1","1000","선유고등학교",null,"z24rn6","omh51x32"
"100020122","lvec5@school.com","010-3231-5940","부","M","1","5",null,"한시우","010-8689-1675","1","1000","선유고등학교",null,"u8adf6","rki0uxdt"
"100020123","5d6ec@school.com","010-8218-1592","부","F","1","5",null,"강지우","010-9383-7691","1","1000","선유고등학교",null,"sde3tk","rjga58tk"
"100020124","9whit@school.com","010-6232-7759","부","F","1","5",null,"조지민","010-4288-2515","1","1000","선유고등학교",null,"zovsht","gswj8oah"
"100020125","8hlpe@school.com","010-2656-8393","모","M","1","5",null,"서하준","010-4405-6351","1","1000","선유고등학교",null,"q8tfys","hmp0itx6"
"100020126","wb46d@school.com","010-9717-7019","부","F","1","6",null,"김주원","010-3287-6419","1","1000","선유고등학교",null,"rszi56","8iez9oja"
"100020127","zd54l@school.com","010-8022-6658","모","M","1","6",null,"강서진","010-1508-3803","1","1000","선유고등학교",null,"lufi4g","j8pa2m6e"
"100020128","xpekz@school.com","010-4532-4058","부","M","1","6",null,"김채원","010-9982-8562","1","1000","선유고등학교",null,"dqjy24","zv0coqin"
"100020129","x36yc@school.com","010-7242-8058","모","F","1","6",null,"김우진","010-6606-6381","1","1000","선유고등학교",null,"i1h6od","rm09vp61"
"100020130","jkwa5@school.com","010-5263-2993","부","F","1","6",null,"한하준","010-7381-2677","1","1000","선유고등학교",null,"2wk04t","wvdc20sr"
"100020131","1noka@school.com","010-7296-4324","모","M","1","6",null,"최시우","010-6124-3817","1","1000","선유고등학교",null,"tlo46q","kvajn918"
"100020132","mx0k3@school.com","010-4657-5529","부","F","1","6",null,"최은서","010-4052-3992","1","1000","선유고등학교",null,"q59u3x","15hgjwne"
"100020133","ns9iv@school.com","010-4166-3277","모","M","1","6",null,"최하준","010-7044-8729","1","1000","선유고등학교",null,"kj5lev","iumxzdtw"
"100020134","6jdxn@school.com","010-6557-8021","부","M","1","6",null,"장지훈","010-7417-9342","1","1000","선유고등학교",null,"xtq9i6","u6wphfai"
"100020135","41kzq@school.com","010-5473-5296","부","M","1","6",null,"강수빈","010-1928-3906","1","1000","선유고등학교",null,"nt0941","bnq4j5xi"
"100020136","zp23i@school.com","010-4073-6920","부","M","1","6",null,"조수아","010-1738-8661","1","1000","선유고등학교",null,"ohmalv","8mgp2o5t"
"100020137","wdk1q@school.com","010-1870-7835","부","M","1","6",null,"김수빈","010-3301-7818","1","1000","선유고등학교",null,"vk8n56","umqy6af0"
"100020138","35qi7@school.com","010-9112-7660","부","F","1","6",null,"이서진","010-2590-3019","1","1000","선유고등학교",null,"0nvmyt","5t8nc7up"
"100020139","vp835@school.com","010-8828-4234","부","F","1","6",null,"오현준","010-2189-8386","1","1000","선유고등학교",null,"t6k21o","dcljir8b"
"100020140","579t3@school.com","010-3046-5895","부","M","1","6",null,"임서준","010-8145-6465","1","1000","선유고등학교",null,"9pecns","q1o2irha"
"100020141","1dv2y@school.com","010-5266-9066","모","F","1","6",null,"오주원","010-1113-1114","1","1000","선유고등학교",null,"g0xjyu","6p5240fv"
"100020142","y8d02@school.com","010-9339-1136","부","M","1","6",null,"서서연","010-7581-2277","1","1000","선유고등학교",null,"pigcvx","3mzvcga0"
"100020143","pegma@school.com","010-6536-2285","모","F","1","6",null,"이다은","010-7424-5524","1","1000","선유고등학교",null,"dnezwf","ebq67l9p"
"100020144","ouecv@school.com","010-2395-7249","부","F","1","6",null,"정지후","010-4683-4188","1","1000","선유고등학교",null,"rq2b6v","c6z2xgdt"
"100020145","prasf@school.com","010-4874-6651","부","F","1","6",null,"조건우","010-8381-7173","1","1000","선유고등학교",null,"r6qa8k","tadzfw6l"
"100020146","3f4c9@school.com","010-8998-8764","부","M","1","6",null,"오하준","010-8093-2085","1","1000","선유고등학교",null,"wzrv14","w6iprdn3"
"100020147","rw9fc@school.com","010-1512-8466","모","F","1","6",null,"정도윤","010-4969-5788","1","1000","선유고등학교",null,"orkv3y","hqgfs4vw"
"100020148","twcjz@school.com","010-5463-9656","모","F","1","6",null,"신우진","010-4055-9427","1","1000","선유고등학교",null,"ckghxn","xjl18ny7"
"100020149","gyof0@school.com","010-1302-2772","부","M","1","6",null,"박건우","010-5869-5727","1","1000","선유고등학교",null,"i9emgb","zvimyjq8"
"100020150","oi4w0@school.com","010-6917-3572","부","F","1","6",null,"한다은","010-9743-5210","1","1000","선유고등학교",null,"yxpbh0","kflmw7bp"
"100020151","i7wup@school.com","010-2678-7715","모","F","1","7",null,"최준우","010-8024-1443","1","1000","선유고등학교",null,"ozuw0k","lmr92w5e"
"100020152","bemvl@school.com","010-9380-5084","부","F","1","7",null,"조수아","010-1914-9665","1","1000","선유고등학교",null,"tlrg0z","60q53wmh"
"100020153","6n4jh@school.com","010-6120-5321","모","F","1","7",null,"윤지훈","010-7086-9332","1","1000","선유고등학교",null,"62cgqj","vlb590mg"
"100020154","0h21p@school.com","010-3117-1394","모","M","1","7",null,"한도현","010-4966-6728","1","1000","선유고등학교",null,"qrb12h","30ciy8rd"
"100020155","h4yxp@school.com","010-3776-5823","모","M","1","7",null,"강서윤","010-6615-2321","1","1000","선유고등학교",null,"r1507n","qa7b1ezo"
"100020156","bum3q@school.com","010-9665-8286","모","M","1","7",null,"박채원","010-5807-7769","1","1000","선유고등학교",null,"7h6ykl","nm8vlpux"
"100020157","ykumf@school.com","010-8003-5199","모","M","1","7",null,"이하윤","010-9524-1798","1","1000","선유고등학교",null,"dj619f","p0a8xqgs"
"100020158","bvk91@school.com","010-1938-9412","모","F","1","7",null,"최서진","010-3851-6135","1","1000","선유고등학교",null,"qru1ye","ma8yn9b1"
"100020159","lvq70@school.com","010-9340-8974","부","M","1","7",null,"장서진","010-2950-8918","1","1000","선유고등학교",null,"wnm12o","pkomd24u"
"100020160","cuwl9@school.com","010-1538-7123","부","M","1","7",null,"임도현","010-3271-4968","1","1000","선유고등학교",null,"te83uj","21xjtz4c"
"100020161","lp3rd@school.com","010-6051-8168","모","M","1","7",null,"장서진","010-4307-4648","1","1000","선유고등학교",null,"ouhfgd","draj7tg1"
"100020162","4nojh@school.com","010-8105-4383","부","F","1","7",null,"정서진","010-7799-5614","1","1000","선유고등학교",null,"d3wygt","0k5n2qz1"
"100020163","zuxs0@school.com","010-5569-9812","부","M","1","7",null,"박지우","010-2547-2364","1","1000","선유고등학교",null,"rp1x57","1lae5wbx"
"100020164","70yov@school.com","010-5428-4615","부","F","1","7",null,"신예준","010-8678-2771","1","1000","선유고등학교",null,"ubn7fy","tbq5079z"
"100020165","yrn6v@school.com","010-3691-9332","부","M","1","7",null,"김수아","010-8850-4176","1","1000","선유고등학교",null,"dymuih","ib5rco2k"
"100020166","ap0h9@school.com","010-6859-6750","부","M","1","7",null,"오주원","010-3297-7539","1","1000","선유고등학교",null,"w0tljv","h9vsb2ey"
"100020167","d07c5@school.com","010-2968-7573","부","F","1","7",null,"신예은","010-6484-7659","1","1000","선유고등학교",null,"41tgai","u1ie6vlz"
"100020168","jvtn5@school.com","010-7030-1612","모","M","1","7",null,"강윤서","010-4268-6177","1","1000","선유고등학교",null,"5rvly9","5h81mc9b"
"100020169","0hrq7@school.com","010-9468-8638","모","M","1","7",null,"장현준","010-9595-7472","1","1000","선유고등학교",null,"nvkg0r","14c7ibsd"
"100020170","rd34v@school.com","010-2366-4675","부","M","1","7",null,"박서윤","010-9825-4599","1","1000","선유고등학교",null,"x5bgiy","3jfsr0nd"
"100020171","a9wtx@school.com","010-2700-7999","모","M","1","7",null,"김민서","010-7363-9692","1","1000","선유고등학교",null,"hezu9i","6se8cwjr"
"100020172","9rgm7@school.com","010-5195-2469","부","F","1","7",null,"신서윤","010-6392-8654","1","1000","선유고등학교",null,"royijg","ta4mlep0"
"100020173","l3ruq@school.com","010-8970-9271","모","M","1","7",null,"임채원","010-7708-7763","1","1000","선유고등학교",null,"gbc2hf","mopde9xz"
"100020174","kl6qb@school.com","010-5070-3192","부","F","1","7",null,"장하은","010-5306-5768","1","1000","선유고등학교",null,"kpz1wt","xlz6mecy"
"100020175","3plc2@school.com","010-1863-3549","부","M","1","7",null,"윤주원","010-5869-4564","1","1000","선유고등학교",null,"vtxkci","lqn9rabs"
"100020176","iqdow@school.com","010-9787-3904","부","M","1","8",null,"오지후","010-8714-6400","1","1000","선유고등학교",null,"d2xwza","mpe1b0ji"
"100020177","twgpm@school.com","010-1722-4966","모","F","1","8",null,"김민준","010-9651-3987","1","1000","선유고등학교",null,"13d0rx","3oyphmgk"
"100020178","ki9gh@school.com","010-2946-6460","모","M","1","8",null,"이하준","010-5591-5045","1","1000","선유고등학교",null,"3ycq2m","5x3dg8wp"
"100020179","uwqf9@school.com","010-1574-8230","부","M","1","8",null,"박예은","010-9279-8658","1","1000","선유고등학교",null,"47pl50","59fu14dt"
"100020180","3sp27@school.com","010-4273-4173","모","F","1","8",null,"정현우","010-4996-7165","1","1000","선유고등학교",null,"a9zrdp","lst5e12b"
"100020181","ujga9@school.com","010-1674-1656","모","F","1","8",null,"서서진","010-1935-2849","1","1000","선유고등학교",null,"t2bkgm","gjsea87h"
"100020182","i0kqe@school.com","010-6336-9582","모","M","1","8",null,"김은서","010-5297-4075","1","1000","선유고등학교",null,"bql3sm","dz2gxum7"
"100020183","t5su0@school.com","010-2175-5828","모","F","1","8",null,"윤다은","010-6162-9758","1","1000","선유고등학교",null,"gvwpek","hiucw8df"
"100020184","lo3rw@school.com","010-8403-4350","부","M","1","8",null,"김하준","010-1951-5961","1","1000","선유고등학교",null,"o1si3z","zuw6ka95"
"100020185","o31sj@school.com","010-5544-7569","모","F","1","8",null,"장민준","010-7998-9208","1","1000","선유고등학교",null,"byxfu3","hvlfioz8"
"100020186","noihj@school.com","010-9085-6434","부","F","1","8",null,"장민준","010-7617-2151","1","1000","선유고등학교",null,"lunmkd","kh1onfrp"
"100020187","x8tqs@school.com","010-1389-7526","부","M","1","8",null,"윤민서","010-8418-9662","1","1000","선유고등학교",null,"n93d10","04w3atxe"
"100020188","2kla4@school.com","010-2182-8381","모","M","1","8",null,"오도윤","010-8947-1698","1","1000","선유고등학교",null,"hnecjp","xn62sjei"
"100020189","u7qsa@school.com","010-5753-6388","모","F","1","8",null,"임윤서","010-2872-5598","1","1000","선유고등학교",null,"xlym1t","bjngqvl0"
"100020190","o6btn@school.com","010-7703-6750","모","M","1","8",null,"임건우","010-2566-9347","1","1000","선유고등학교",null,"xwv9yn","ehc620nf"
"100020191","vgtka@school.com","010-1319-8646","부","M","1","8",null,"신서연","010-9905-5263","1","1000","선유고등학교",null,"tou56r","bmw6t38g"
"100020192","5xvfg@school.com","010-3401-7167","모","F","1","8",null,"윤수빈","010-6131-7463","1","1000","선유고등학교",null,"eyuoaq","l85ue9k2"
"100020193","i2jab@school.com","010-9354-9500","모","M","1","8",null,"한우진","010-1400-4969","1","1000","선유고등학교",null,"fvbypk","3df0aic1"
"100020194","2iq7c@school.com","010-6534-7252","모","M","1","8",null,"윤하은","010-4774-7829","1","1000","선유고등학교",null,"4w1kdm","35it6ko9"
"100020195","ak6n3@school.com","010-2086-3819","부","M","1","8",null,"오준서","010-6958-1615","1","1000","선유고등학교",null,"jivhrg","rl65fv3a"
"100020196","1f45n@school.com","010-6772-6348","부","M","1","8",null,"조예준","010-8785-8377","1","1000","선유고등학교",null,"i8blj5","tux5aso7"
"100020197","ky5og@school.com","010-6335-4977","부","F","1","8",null,"박하은","010-9420-4035","1","1000","선유고등학교",null,"br5s1d","pkhn3awo"
"100020198","fwl4k@school.com","010-4403-4311","모","M","1","8",null,"서채원","010-9540-3195","1","1000","선유고등학교",null,"xfr621","btdg1lui"
"100020199","a2yft@school.com","010-4867-1386","부","M","1","8",null,"이예은","010-6262-5988","1","1000","선유고등학교",null,"8bxsl4","7s5loixq"
"100020200","c193h@school.com","010-1414-7171","모","M","1","8",null,"박다은","010-5067-9747","1","1000","선유고등학교",null,"izxyvs","83nt2v4f"
"100020201","fns64@school.com","010-4519-1788","부","F","1","9",null,"한윤서","010-5874-3445","1","1000","선유고등학교",null,"gc9n4l","xzvle2gp"
"100020202","tils2@school.com","010-2459-4832","모","M","1","9",null,"임예준","010-8020-5954","1","1000","선유고등학교",null,"drg17t","13tiergs"
"100020203","qphte@school.com","010-7386-4122","부","F","1","9",null,"김지우","010-1858-1628","1","1000","선유고등학교",null,"e7b82f","b2ogkmwn"
"100020204","tz27m@school.com","010-8470-7783","부","M","1","9",null,"박지윤","010-7495-6845","1","1000","선유고등학교",null,"f1eulp","9vudesrn"
"100020205","s4u6d@school.com","010-6505-4492","부","F","1","9",null,"김하준","010-1614-9205","1","1000","선유고등학교",null,"5bpdws","8br0gvft"
"100020206","6pdr3@school.com","010-7583-2209","모","M","1","9",null,"한서연","010-6392-8254","1","1000","선유고등학교",null,"3hj2ak","95umzig4"
"100020207","q9nou@school.com","010-3993-7071","모","M","1","9",null,"최지호","010-1264-4527","1","1000","선유고등학교",null,"aeqzm8","nuwjp8ve"
"100020208","wra2k@school.com","010-8632-4009","부","F","1","9",null,"한지우","010-5253-5904","1","1000","선유고등학교",null,"7gpmfy","2qg6amo7"
"100020209","hgkot@school.com","010-8169-9329","모","F","1","9",null,"신윤서","010-9809-3237","1","1000","선유고등학교",null,"e4v2tw","cgl4pkbv"
"100020210","961np@school.com","010-3740-7819","부","F","1","9",null,"한예준","010-3267-3854","1","1000","선유고등학교",null,"6v5lyp","2z0fdk9t"
"100020211","1burk@school.com","010-5255-5045","모","F","1","9",null,"한도윤","010-2942-6181","1","1000","선유고등학교",null,"bkrnqs","5jd3igpf"
"100020212","ea81w@school.com","010-2877-8392","모","M","1","9",null,"서서준","010-8264-6988","1","1000","선유고등학교",null,"7u86z9","ymju05ah"
"100020213","ka8u9@school.com","010-5889-9066","부","M","1","9",null,"이하윤","010-1517-8022","1","1000","선유고등학교",null,"zj4b8w","mrkfjwto"
"100020214","x5wuj@school.com","010-1727-2916","부","F","1","9",null,"김하은","010-9590-2004","1","1000","선유고등학교",null,"ykoguq","4nux0der"
"100020215","wz2br@school.com","010-8448-9412","모","F","1","9",null,"한지우","010-5022-7135","1","1000","선유고등학교",null,"6qv280","s4jnae8d"
"100020216","rjlmb@school.com","010-1502-5406","부","F","1","9",null,"강수아","010-9735-1924","1","1000","선유고등학교",null,"s4lyx3","b3p1nyem"
"100020217","hbe7m@school.com","010-7800-3421","부","M","1","9",null,"최준서","010-1443-4055","1","1000","선유고등학교",null,"4kjg3y","qd8tgcv5"
"100020218","z673f@school.com","010-6027-8776","부","M","1","9",null,"한채원","010-8353-9179","1","1000","선유고등학교",null,"4ey5l9","672aq0f1"
"100020219","izow5@school.com","010-2602-1293","모","M","1","9",null,"조지후","010-1627-4611","1","1000","선유고등학교",null,"bqyiom","3tv5ri1w"
"100020220","v2lxp@school.com","010-3627-1274","부","F","1","9",null,"신다은","010-3440-3397","1","1000","선유고등학교",null,"j2ps80","x8nmareg"
"100020221","5djo7@school.com","010-9768-7097","모","F","1","9",null,"김예은","010-4020-1687","1","1000","선유고등학교",null,"qzph9k","l8bu4xfk"
"100020222","8kzta@school.com","010-5790-3984","모","M","1","9",null,"오서준","010-5532-8929","1","1000","선유고등학교",null,"hma4jk","daj5xgio"
"100020223","gkp1m@school.com","010-8105-7242","모","F","1","9",null,"이서준","010-2293-9507","1","1000","선유고등학교",null,"o2f80h","hg8sbwf2"
"100020224","i2jle@school.com","010-3478-9457","부","F","1","9",null,"강지윤","010-9678-6064","1","1000","선유고등학교",null,"8nk6lm","yl8jg6nc"
"100020225","tv5pq@school.com","010-1962-7578","모","M","1","9",null,"조은서","010-8409-4402","1","1000","선유고등학교",null,"dcofne","w7p049dc"
"100020226","fesim@school.com","010-1626-8366","부","M","1","10",null,"서지호","010-6329-9273","1","1000","선유고등학교",null,"9j70ye","5mvnr3uz"
"100020227","1f30b@school.com","010-1512-8155","부","F","1","10",null,"서서연","010-8845-5626","1","1000","선유고등학교",null,"u8vqjb","uwg04k9i"
"100020228","o1dcz@school.com","010-6856-2756","모","M","1","10",null,"김서현","010-4450-6224","1","1000","선유고등학교",null,"sftgye","67rgmxq9"
"100020229","19gd8@school.com","010-6387-2415","부","M","1","10",null,"임건우","010-9596-7476","1","1000","선유고등학교",null,"7rg9wp","r9dnvbeq"
"100020230","2p0d3@school.com","010-4598-1563","부","M","1","10",null,"윤민서","010-8442-9464","1","1000","선유고등학교",null,"dlzr0t","la5njz3v"
"100020231","qva5s@school.com","010-1381-4820","모","M","1","10",null,"이지윤","010-4060-5681","1","1000","선유고등학교",null,"coxas1","gwc0ibtx"
"100020232","ls3ij@school.com","010-8512-2639","모","F","1","10",null,"오민준","010-4755-4614","1","1000","선유고등학교",null,"etqhg7","rfoyznjm"
"100020233","pnz1j@school.com","010-4503-6113","모","F","1","10",null,"김현우","010-9601-1262","1","1000","선유고등학교",null,"wy6eds","0wsq71db"
"100020234","mxs8r@school.com","010-5988-8095","모","M","1","10",null,"정지후","010-9395-8555","1","1000","선유고등학교",null,"0vm5c2","6g9ty7zf"
"100020235","gp6hy@school.com","010-6370-2254","부","M","1","10",null,"김우진","010-9390-1902","1","1000","선유고등학교",null,"cjv0hg","73kaxc5e"
"100020236","ah8n1@school.com","010-9629-3186","모","F","1","10",null,"윤다은","010-1689-9224","1","1000","선유고등학교",null,"1zqft8","whortvkp"
"100020237","dowx8@school.com","010-9193-9111","모","F","1","10",null,"정하은","010-5893-2640","1","1000","선유고등학교",null,"dcb7ul","rpfo0v4e"
"100020238","4f13s@school.com","010-3968-7360","부","M","1","10",null,"임서진","010-9801-9852","1","1000","선유고등학교",null,"x437ho","37zqkea1"
"100020239","nx0pu@school.com","010-1714-6277","모","M","1","10",null,"윤하준","010-6547-3250","1","1000","선유고등학교",null,"fzlr4v","es1jyu7h"
"100020240","c9ael@school.com","010-2726-5298","모","F","1","10",null,"임지윤","010-7206-2688","1","1000","선유고등학교",null,"mst9ou","ufmxqe4p"
"100020241","jhmar@school.com","010-6510-1158","부","F","1","10",null,"최서진","010-1944-4016","1","1000","선유고등학교",null,"jl9b8v","bfowyz2i"
"100020242","b7ow8@school.com","010-7497-3511","부","M","1","10",null,"윤지훈","010-1539-1691","1","1000","선유고등학교",null,"sknxro","rv3p5y8b"
"100020243","v7a8q@school.com","010-9435-6707","모","F","1","10",null,"박현우","010-7924-3815","1","1000","선유고등학교",null,"yw01pz","mnxwae8z"
"100020244","etzki@school.com","010-7596-6988","모","M","1","10",null,"박서현","010-6138-8099","1","1000","선유고등학교",null,"4bqvtw","4wxl1eg2"
"100020245","pvjuh@school.com","010-9820-3943","부","M","1","10",null,"윤준서","010-5257-8888","1","1000","선유고등학교",null,"e8npic","n264twsv"
"100020246","mnopq@school.com","010-3063-5931","부","F","1","10",null,"한채원","010-4594-7270","1","1000","선유고등학교",null,"chg0wx","jy8z49pt"
"100020247","ubjwa@school.com","010-5657-7070","부","F","1","10",null,"조지우","010-3859-9543","1","1000","선유고등학교",null,"wvtdoc","rzcpbgdy"
"100020248","r4x6f@school.com","010-8348-2605","부","F","1","10",null,"한윤서","010-3051-8453","1","1000","선유고등학교",null,"mx2eil","syoi6etj"
"100020249","t1gxo@school.com","010-5734-4570","부","M","1","10",null,"박준우","010-7429-8725","1","1000","선유고등학교",null,"73a1rs","d20ltj7z"
"100020250","0gqcr@school.com","010-5339-3895","모","M","1","10",null,"조하은","010-9484-8136","1","1000","선유고등학교",null,"sne1vp","dmg2zjqh"
"100020251","1js37@school.com","010-3894-3682","모","M","1","11",null,"임지훈","010-5673-6230","1","1000","선유고등학교",null,"k3dsbi","4cmh10k7"
"100020252","5fumw@school.com","010-2027-9365","모","F","1","11",null,"이수빈","010-4218-4133","1","1000","선유고등학교",null,"ulq94j","5lr4fteg"
"100020253","ws2r1@school.com","010-2090-5091","부","F","1","11",null,"윤윤서","010-3276-7849","1","1000","선유고등학교",null,"hup7zt","abr27gti"
"100020254","8ehm2@school.com","010-9234-3421","모","M","1","11",null,"임예준","010-5553-3618","1","1000","선유고등학교",null,"jxs0ul","40ciqxp7"
"100020255","syqin@school.com","010-1514-6189","모","M","1","11",null,"최하윤","010-9777-5083","1","1000","선유고등학교",null,"6ifdk2","quy0ki4e"
"100020256","evq58@school.com","010-5292-6283","모","M","1","11",null,"최서현","010-8132-2443","1","1000","선유고등학교",null,"sbgvc3","si3ywn8l"
"100020257","g8tan@school.com","010-1407-7315","모","M","1","11",null,"정현준","010-6075-2507","1","1000","선유고등학교",null,"3p4rzq","lxizkq5v"
"100020258","ceqtv@school.com","010-4410-7564","모","F","1","11",null,"임준서","010-7186-2837","1","1000","선유고등학교",null,"1pkejc","43fner75"
"100020259","zpivk@school.com","010-8514-3412","부","M","1","11",null,"신서윤","010-5727-8525","1","1000","선유고등학교",null,"7bzt4s","wmx1drjv"
"100020260","8qhjm@school.com","010-3150-3256","부","F","1","11",null,"이민서","010-3187-3572","1","1000","선유고등학교",null,"d5wixr","quo41dbw"
"100020261","h2nj1@school.com","010-8445-1170","부","F","1","11",null,"임서준","010-1228-1384","1","1000","선유고등학교",null,"n7atkp","ah68icvo"
"100020262","d3vbo@school.com","010-8558-9231","모","M","1","11",null,"이수아","010-8722-5139","1","1000","선유고등학교",null,"yuqcxj","ex5mqhl7"
"100020263","gms8x@school.com","010-8728-1819","모","M","1","11",null,"임하윤","010-6140-1860","1","1000","선유고등학교",null,"rdfxh3","kwshpj8a"
"100020264","1xg9h@school.com","010-1229-6527","부","M","1","11",null,"박시우","010-7494-7467","1","1000","선유고등학교",null,"dsrb4x","m9yi32zq"
"100020265","t7sve@school.com","010-4995-2374","부","F","1","11",null,"조서준","010-3958-2678","1","1000","선유고등학교",null,"sz103x","kuz67evb"
"100020266","ndv68@school.com","010-5793-5653","모","M","1","11",null,"최은서","010-6316-9092","1","1000","선유고등학교",null,"wzn2ud","0z58km9r"
"100020267","e8lz5@school.com","010-8376-8163","모","F","1","11",null,"정은서","010-7894-4668","1","1000","선유고등학교",null,"sedgcq","4zgr7nkl"
"100020268","box2k@school.com","010-8080-1644","모","M","1","11",null,"신지후","010-3190-1147","1","1000","선유고등학교",null,"rtgywo","h7qimav6"
"100020269","7pnm3@school.com","010-7765-7210","부","M","1","11",null,"조준우","010-2475-3041","1","1000","선유고등학교",null,"qxawuf","r01gbdva"
"100020270","p6719@school.com","010-2561-2647","모","F","1","11",null,"오서연","010-7902-5099","1","1000","선유고등학교",null,"e5u7d0","yhczm69i"
"100020271","bi9te@school.com","010-9471-1516","부","F","1","11",null,"최건우","010-2231-9376","1","1000","선유고등학교",null,"4is8rd","d0eivgby"
"100020272","bpny6@school.com","010-2625-5987","부","M","1","11",null,"장하은","010-4877-9830","1","1000","선유고등학교",null,"gqso13","k2ciahrq"
"100020273","b872u@school.com","010-5700-5829","부","M","1","11",null,"조은서","010-2823-1569","1","1000","선유고등학교",null,"zylq0o","yni85pq0"
"100020274","hj74u@school.com","010-8444-2294","부","F","1","11",null,"강지호","010-8055-3631","1","1000","선유고등학교",null,"wg5b01","dmeothc5"
"100020275","u7v32@school.com","010-9934-6717","부","M","1","11",null,"오건우","010-2119-7337","1","1000","선유고등학교",null,"bjuegl","hrz671uv"
"100020276","drv60@school.com","010-7756-8457","부","M","1","12",null,"신수아","010-3010-8250","1","1000","선유고등학교",null,"kg7f5h","e5u20lkp"
"100020277","2kydv@school.com","010-1941-8891","모","M","1","12",null,"최서준","010-6768-9991","1","1000","선유고등학교",null,"qjmn6d","rkbhlxva"
"100020278","9nj6q@school.com","010-4264-5627","모","F","1","12",null,"한윤서","010-3733-4633","1","1000","선유고등학교",null,"iu3mnh","b9ofc6mp"
"100020279","pm34t@school.com","010-6909-7123","부","M","1","12",null,"이지훈","010-8214-8345","1","1000","선유고등학교",null,"mvwz0t","3ifba4up"
"100020280","spi3r@school.com","010-4401-8216","부","M","1","12",null,"오현우","010-5940-3517","1","1000","선유고등학교",null,"mxfho6","lmq10fvc"
"100020281","xudme@school.com","010-1303-7847","부","F","1","12",null,"김지민","010-5508-8492","1","1000","선유고등학교",null,"ygdasu","nj17ath6"
"100020282","jgxyl@school.com","010-8105-1389","부","M","1","12",null,"임채원","010-7619-2453","1","1000","선유고등학교",null,"s4vaby","om1jt9dx"
"100020283","p6a4w@school.com","010-4292-6985","모","F","1","12",null,"임서진","010-5251-4418","1","1000","선유고등학교",null,"572oz3","y7vma091"
"100020284","p4ael@school.com","010-6596-8591","모","M","1","12",null,"최준서","010-4627-7381","1","1000","선유고등학교",null,"4jik8l","8qfk96xw"
"100020285","m5ljp@school.com","010-8677-6374","모","F","1","12",null,"임수아","010-2701-8675","1","1000","선유고등학교",null,"ar05lj","bi2s0q5y"
"100020286","3z549@school.com","010-6918-2337","부","F","1","12",null,"임민준","010-5165-2445","1","1000","선유고등학교",null,"d6jmeq","g3v1o0th"
"100020287","89yzm@school.com","010-4688-4202","모","F","1","12",null,"조시우","010-4323-2991","1","1000","선유고등학교",null,"5sa0no","ifzd081v"
"100020288","av9hc@school.com","010-3131-8337","부","F","1","12",null,"한서윤","010-7282-6401","1","1000","선유고등학교",null,"qz2lar","f6cokwxs"
"100020289","nicjy@school.com","010-6957-9378","부","M","1","12",null,"이하은","010-9615-1334","1","1000","선유고등학교",null,"jbt8mu","slbx2f5k"
"100020290","gon8w@school.com","010-7757-6919","모","F","1","12",null,"장건우","010-3588-5690","1","1000","선유고등학교",null,"9wqn7l","bhx29yk3"
"100020291","vnge2@school.com","010-3876-4864","부","M","1","12",null,"임민준","010-8640-7704","1","1000","선유고등학교",null,"0xks6f","pyzwrvif"
"100020292","idk69@school.com","010-1622-2304","모","F","1","12",null,"오서윤","010-8483-9730","1","1000","선유고등학교",null,"28nxhz","hbna0eyj"
"100020293","ubnjq@school.com","010-8529-9441","모","F","1","12",null,"정수아","010-9469-8676","1","1000","선유고등학교",null,"l62hb9","2t4prbai"
"100020294","u31sl@school.com","010-9019-1467","부","M","1","12",null,"한하준","010-7687-5156","1","1000","선유고등학교",null,"nuj735","4t9uj7fq"
"100020295","v5aqf@school.com","010-1526-7413","모","M","1","12",null,"조지민","010-5274-9611","1","1000","선유고등학교",null,"o4svqt","d3xkg4ym"
"100020296","t6xs5@school.com","010-9667-2039","모","M","1","12",null,"장건우","010-7576-5694","1","1000","선유고등학교",null,"y805uw","gvrtnhl1"
"100020297","26y0d@school.com","010-2690-6806","모","M","1","12",null,"김서현","010-6406-1260","1","1000","선유고등학교",null,"wpzl4a","a6eqsj5v"
"100020298","3vdrs@school.com","010-5510-2072","부","F","1","12",null,"신서준","010-8538-5485","1","1000","선유고등학교",null,"lis6f3","xweqftc6"
"100020299","mop91@school.com","010-4181-8904","부","M","1","12",null,"정준서","010-7201-3431","1","1000","선유고등학교",null,"i87tqm","nqkyr1wx"
"100020300","yq9uv@school.com","010-2703-2265","부","M","1","12",null,"오서준","010-4340-1456","1","1000","선유고등학교",null,"dy348k","hwtcuxpb"
"100020301","y1gx6@school.com","010-8380-6266","부","F","1","13",null,"서예준","010-7212-5130","1","1000","선유고등학교",null,"elpxoc","580rdejy"
"100020302","nueov@school.com","010-4652-1680","모","F","1","13",null,"서윤서","010-4999-8282","1","1000","선유고등학교",null,"m4f19o","y47zkexs"
"100020303","vt8ge@school.com","010-2557-3272","부","M","1","13",null,"오현준","010-5047-8253","1","1000","선유고등학교",null,"iedmf2","ap0uti85"
"100020304","4u18a@school.com","010-5024-9791","부","M","1","13",null,"오서준","010-2791-1945","1","1000","선유고등학교",null,"dqplf5","apgzq73t"
"100020305","s78zy@school.com","010-7480-7248","부","F","1","13",null,"서선우","010-7165-4492","1","1000","선유고등학교",null,"yfklt2","zpn31ujr"
"100020306","3pos7@school.com","010-1846-8496","모","M","1","13",null,"김지호","010-7802-6632","1","1000","선유고등학교",null,"pf32s1","56inlu7z"
"100020307","xkg64@school.com","010-8834-2067","모","M","1","13",null,"정현준","010-6070-7182","1","1000","선유고등학교",null,"roe8xp","damh17vn"
"100020308","kr7ma@school.com","010-3143-6060","부","M","1","13",null,"박지후","010-5568-5023","1","1000","선유고등학교",null,"3dimng","3wd1y5j6"
"100020309","e0f1m@school.com","010-8224-8088","모","M","1","13",null,"장우진","010-9621-7852","1","1000","선유고등학교",null,"0rsqoa","z6cknt2j"
"100020310","0as27@school.com","010-3055-6679","모","F","1","13",null,"강지민","010-1123-3628","1","1000","선유고등학교",null,"whru5l","t8yi13kq"
"100020311","wl3py@school.com","010-2573-8613","모","F","1","13",null,"강민서","010-1457-5190","1","1000","선유고등학교",null,"x2td0m","1o6kz9xa"
"100020312","4l985@school.com","010-8675-4990","모","M","1","13",null,"강지민","010-6921-7752","1","1000","선유고등학교",null,"h4wyx9","gjcypo9m"
"100020313","6pl43@school.com","010-4033-6206","모","M","1","13",null,"오선우","010-3016-6286","1","1000","선유고등학교",null,"pf0qtb","2s9meiw4"
"100020314","9xq7u@school.com","010-7827-2685","부","M","1","13",null,"오수아","010-8077-2930","1","1000","선유고등학교",null,"9lkadj","rbjz2gu9"
"100020315","0ou8b@school.com","010-8486-7252","부","M","1","13",null,"최윤서","010-6932-2431","1","1000","선유고등학교",null,"ey4lqd","8vdqc1mk"
"100020316","cb7ou@school.com","010-9196-6711","모","F","1","13",null,"신시우","010-4676-8417","1","1000","선유고등학교",null,"7yqcf2","v3eq5z7g"
"100020317","5fmoz@school.com","010-9617-2004","부","F","1","13",null,"조지민","010-7096-3929","1","1000","선유고등학교",null,"tiulqx","yzhwej23"
"100020318","t9n84@school.com","010-4039-6317","부","F","1","13",null,"조건우","010-2032-3896","1","1000","선유고등학교",null,"fyrweb","fyj73ild"
"100020319","nkbyv@school.com","010-6654-9597","부","F","1","13",null,"윤지호","010-6265-7307","1","1000","선유고등학교",null,"n4kwxg","516dey7x"
"100020320","k1wlq@school.com","010-3087-8406","부","M","1","13",null,"김도현","010-8642-3864","1","1000","선유고등학교",null,"kc5b7o","l3mj6sbn"
"100020321","a7pjm@school.com","010-9416-1967","모","F","1","13",null,"강시우","010-8751-1623","1","1000","선유고등학교",null,"sx23ej","rp4gnqxu"
"100020322","amvbe@school.com","010-2314-8488","부","M","1","13",null,"이하윤","010-6049-5305","1","1000","선유고등학교",null,"3nvldr","cqhk8njw"
"100020323","rh62d@school.com","010-2092-2791","부","F","1","13",null,"장준우","010-7944-7218","1","1000","선유고등학교",null,"top7nq","qe5mpfxt"
"100020324","0lnhi@school.com","010-8975-7780","부","F","1","13",null,"윤지윤","010-8131-7553","1","1000","선유고등학교",null,"02rvyb","0jf9old7"
"100020325","jew3t@school.com","010-7180-2078","모","F","1","13",null,"최현준","010-7316-9214","1","1000","선유고등학교",null,"k6sq27","omnf6bvg"
"100020326","1y08r@school.com","010-1907-8060","부","M","1","14",null,"신우진","010-6139-7810","1","1000","선유고등학교",null,"51f6zk","otq5xrez"
"100020327","ap16i@school.com","010-9894-6484","부","F","1","14",null,"박도윤","010-8353-3517","1","1000","선유고등학교",null,"dzlu52","aywps8zf"
"100020328","6lf1j@school.com","010-3102-2584","모","F","1","14",null,"강서윤","010-9858-3330","1","1000","선유고등학교",null,"9elrfy","x0kr8ivz"
"100020329","s5q4d@school.com","010-6835-1655","모","F","1","14",null,"이준서","010-4390-8438","1","1000","선유고등학교",null,"fnhpqx","n1pa3v08"
"100020330","naz7x@school.com","010-2609-9874","모","F","1","14",null,"서하윤","010-6154-1605","1","1000","선유고등학교",null,"isf8o2","w7jynaoe"
"100020331","u9tsk@school.com","010-7425-4183","모","F","1","14",null,"임시우","010-6008-1316","1","1000","선유고등학교",null,"z5p4xi","1omhfbx8"
"100020332","le8ux@school.com","010-3564-3064","모","M","1","14",null,"김서연","010-3010-5520","1","1000","선유고등학교",null,"6m43iv","3w4cd1jg"
"100020333","a1nts@school.com","010-7531-7659","모","F","1","14",null,"신현우","010-1796-7160","1","1000","선유고등학교",null,"ty5pd6","ci38sjof"
"100020334","bj2cw@school.com","010-1669-8399","모","F","1","14",null,"최서연","010-9898-5975","1","1000","선유고등학교",null,"7rgjtu","4jfhirn0"
"100020335","bjqod@school.com","010-9322-7274","부","F","1","14",null,"박선우","010-6345-3665","1","1000","선유고등학교",null,"4osk0l","89gwu45y"
"100020336","udvyo@school.com","010-7649-5552","부","F","1","14",null,"임준우","010-1458-5653","1","1000","선유고등학교",null,"b2kya4","pmt71gq6"
"100020337","jtk69@school.com","010-5626-8886","부","M","1","14",null,"정민준","010-1177-9191","1","1000","선유고등학교",null,"p1wszi","conj8d0l"
"100020338","4w0h1@school.com","010-6372-4205","모","F","1","14",null,"강서연","010-2809-3166","1","1000","선유고등학교",null,"3759wm","zr8kecmb"
"100020339","b32va@school.com","010-6927-9949","모","F","1","14",null,"임지윤","010-7448-6420","1","1000","선유고등학교",null,"8nxur5","7axmelsf"
"100020340","s1058@school.com","010-2921-8634","모","M","1","14",null,"조지우","010-6282-4289","1","1000","선유고등학교",null,"luteiy","bagj3ipz"
"100020341","ct64e@school.com","010-4657-2903","모","M","1","14",null,"한시우","010-1342-9495","1","1000","선유고등학교",null,"xivmay","piwb40dq"
"100020342","8r5gb@school.com","010-5942-1990","모","F","1","14",null,"강도윤","010-9285-4741","1","1000","선유고등학교",null,"d5rumc","ufzg138e"
"100020343","s7vqd@school.com","010-6629-9366","모","F","1","14",null,"조채원","010-7424-6910","1","1000","선유고등학교",null,"gfc3qv","gr3ixhbd"
"100020344","uhztj@school.com","010-5253-4181","부","M","1","14",null,"윤예준","010-3091-6787","1","1000","선유고등학교",null,"dnx96s","kq6eyu7m"
"100020345","cmwai@school.com","010-7165-4651","모","M","1","14",null,"서지우","010-5295-3498","1","1000","선유고등학교",null,"yhrjbd","j4a8i126"
"100020346","zxekn@school.com","010-2903-1753","부","F","1","14",null,"최도현","010-2292-9694","1","1000","선유고등학교",null,"5yap0t","sac8odnf"
"100020347","0xrdb@school.com","010-5556-3151","모","F","1","14",null,"오수빈","010-7066-4909","1","1000","선유고등학교",null,"c1dwr9","hlbgrd01"
"100020348","kxie5@school.com","010-7995-3674","모","M","1","14",null,"최서연","010-2458-5178","1","1000","선유고등학교",null,"h6wbld","m38duks0"
"100020349","rptg4@school.com","010-2059-8548","모","M","1","14",null,"박지우","010-7639-3486","1","1000","선유고등학교",null,"r2lvy8","nguwtkbv"
"100020350","el578@school.com","010-5601-8054","모","M","1","14",null,"임하윤","010-4648-2325","1","1000","선유고등학교",null,"sq3lk8","bs5t321p"
"100020351","d83u1@school.com","010-1320-2531","모","F","1","15",null,"한지민","010-1298-6141","1","1000","선유고등학교",null,"mplw05","zw762tfq"
"100020352","gwsab@school.com","010-1815-5132","부","M","1","15",null,"김윤서","010-4978-9650","1","1000","선유고등학교",null,"1a9vpn","2ieyp5rj"
"100020353","3hk1g@school.com","010-6957-2397","부","F","1","15",null,"신예은","010-7275-4660","1","1000","선유고등학교",null,"glc8bk","f75zk28s"
"100020354","xw8nf@school.com","010-2144-6394","모","F","1","15",null,"조지우","010-3043-1855","1","1000","선유고등학교",null,"4ubz16","goch20ji"
"100020355","7jhmr@school.com","010-8900-5099","부","M","1","15",null,"조우진","010-1472-5252","1","1000","선유고등학교",null,"9htnvr","pl7yh6ea"
"100020356","m50wp@school.com","010-6969-7486","모","F","1","15",null,"김현준","010-4543-9102","1","1000","선유고등학교",null,"lr36hi","3gshrmdz"
"100020357","oh2ke@school.com","010-5511-5533","부","M","1","15",null,"윤도현","010-4439-3810","1","1000","선유고등학교",null,"79mdek","19jxs05o"
"100020358","w6kf0@school.com","010-2619-8922","모","F","1","15",null,"서현우","010-7212-5432","1","1000","선유고등학교",null,"1mitj7","4e7t1l2q"
"100020359","6xr5c@school.com","010-8215-7016","부","F","1","15",null,"신하은","010-6800-3489","1","1000","선유고등학교",null,"9vaz6y","08c1ifk3"
"100020360","wbkn8@school.com","010-3171-5285","부","F","1","15",null,"김예은","010-5886-5236","1","1000","선유고등학교",null,"7spbk5","bdtho65j"
"100020361","fv0d8@school.com","010-7925-2444","모","F","1","15",null,"정주원","010-2516-4624","1","1000","선유고등학교",null,"x6defj","gfpzbrx2"
"100020362","5dqfn@school.com","010-1755-3906","모","F","1","15",null,"윤하은","010-1341-9861","1","1000","선유고등학교",null,"0pxeti","hdsrikj0"
"100020363","eufno@school.com","010-2380-5181","모","F","1","15",null,"서채원","010-7931-2280","1","1000","선유고등학교",null,"gerjun","4fok0vnl"
"100020364","nxsbc@school.com","010-9039-6393","부","F","1","15",null,"한서현","010-2282-3304","1","1000","선유고등학교",null,"q7ovet","5h0x9vk1"
"100020365","qmch0@school.com","010-5697-6961","부","M","1","15",null,"신다은","010-7726-6271","1","1000","선유고등학교",null,"devakw","v36lgi0r"
"100020366","1n8j6@school.com","010-1678-4283","모","F","1","15",null,"장지민","010-5292-3400","1","1000","선유고등학교",null,"92eihx","yksx7a5r"
"100020367","3kvfa@school.com","010-7828-6455","부","M","1","15",null,"최준우","010-4203-7585","1","1000","선유고등학교",null,"t0sok2","3wyjkhdg"
"100020368","3t1cp@school.com","010-5213-2193","부","F","1","15",null,"김지윤","010-4644-7246","1","1000","선유고등학교",null,"9srq0z","s1thbiyc"
"100020369","mo84v@school.com","010-4754-4526","모","M","1","15",null,"윤지우","010-3551-4625","1","1000","선유고등학교",null,"9kfm3c","vqs13eam"
"100020370","xfplk@school.com","010-6775-5199","모","F","1","15",null,"강현우","010-6758-7021","1","1000","선유고등학교",null,"othiml","el8kpqsr"
"100020371","37f9y@school.com","010-9167-1787","모","F","1","15",null,"윤서진","010-3847-8746","1","1000","선유고등학교",null,"sv7rdb","8t2m5dby"
"100020372","x6d5c@school.com","010-8423-7124","부","M","1","15",null,"정우진","010-8493-5659","1","1000","선유고등학교",null,"zl5txh","o2hgm951"
"100020373","tbpdy@school.com","010-6981-9579","부","M","1","15",null,"정지윤","010-7328-4113","1","1000","선유고등학교",null,"6vymg0","935ipdz7"
"100020374","a2eyq@school.com","010-9793-9782","부","F","1","15",null,"김하은","010-7369-8544","1","1000","선유고등학교",null,"wlo7ts","hf5cio7y"
"100020375","ve7jt@school.com","010-4934-7764","부","F","1","15",null,"강지윤","010-1695-8037","1","1000","선유고등학교",null,"84yvwd","5ec821wo"